,event,invasion,ici,epicel,ulcer,thick,sex,age,logthick,status,time
0,censored,level.0,2,present,not present,0.97,Male,20,-0.030459207,0,1654
1,death.malignant.melanoma,level.1,3,not present,not present,3.06,Female,52,1.118414916,1,2062
2,death.malignant.melanoma,level.1,2,not present,present,3.54,Female,54,1.264126727,1,3042
3,censored,level.0,1,present,not present,0.81,Female,35,-0.210721031,0,1942
4,death.malignant.melanoma,level.1,2,not present,present,1.34,Female,56,0.292669614,1,1156
5,death.malignant.melanoma,level.1,2,not present,present,4.84,Male,68,1.576914721,1,793
6,censored,level.0,1,not present,present,1.29,Female,45,0.254642218,0,2521
7,censored,level.0,0,not present,present,2.58,Male,55,0.947789399,0,2075
8,death.malignant.melanoma,level.1,3,present,not present,3.54,Female,42,1.264126727,1,869
9,death.malignant.melanoma,level.2,3,not present,present,7.73,Male,54,2.045108863,1,659
10,censored,level.0,1,not present,not present,0.65,Female,29,-0.430782916,0,3459
11,censored,level.0,1,present,not present,0.97,Female,55,-0.030459207,0,1899
12,censored,level.1,2,not present,not present,2.74,Female,4,1.00795792,0,3385
13,censored,level.0,2,not present,present,1.62,Male,60,0.482426149,0,1920
14,death.malignant.melanoma,level.2,2,not present,present,4.84,Male,28,1.576914721,1,204
15,censored,level.1,1,not present,present,2.58,Female,61,0.947789399,0,3297
16,censored,level.0,1,present,not present,0.32,Female,45,-1.139434283,0,1563
17,censored,level.0,2,present,not present,0.97,Male,60,-0.030459207,0,2361
18,censored,level.0,1,not present,not present,0.81,Female,54,-0.210721031,0,1762
19,censored,level.0,1,present,not present,0.64,Female,31,-0.446287103,0,2660
20,censored,level.1,2,not present,present,3.22,Female,75,1.16938136,0,2011
21,death.other.causes,level.0,2,present,not present,1.45,Female,54,0.371563556,2,3458
22,censored,level.1,3,present,present,2.58,Female,47,0.947789399,0,1745
23,censored,level.0,2,not present,present,4.84,Male,60,1.576914721,0,3388
24,death.malignant.melanoma,level.1,2,not present,present,4.83,Male,52,1.574846468,1,967
25,death.malignant.melanoma,level.0,2,not present,present,3.87,Female,68,1.353254507,1,386
26,death.malignant.melanoma,level.1,1,not present,present,2.58,Female,75,0.947789399,1,1055
27,death.malignant.melanoma,level.1,2,not present,present,2.26,Female,43,0.815364813,1,2256
28,death.malignant.melanoma,level.2,3,not present,present,17.42,Female,65,2.857618971,1,1312
29,censored,level.2,1,present,not present,7.09,Male,47,1.958685341,0,3101
30,death.malignant.melanoma,level.0,2,not present,present,2.26,Female,42,0.815364813,1,2467
31,censored,level.1,2,not present,present,7.89,Male,67,2.065596135,0,2542
32,death.other.causes,level.1,2,present,present,1.29,Female,76,0.254642218,2,1525
33,death.other.causes,level.0,1,present,not present,0.65,Female,66,-0.430782916,2,2085
34,censored,level.1,3,present,not present,2.58,Male,54,0.947789399,0,3278
35,death.malignant.melanoma,level.1,1,not present,present,3.54,Female,74,1.264126727,1,1271
36,censored,level.1,2,not present,present,5.48,Male,77,1.701105101,0,2227
37,censored,level.0,2,not present,not present,0.97,Male,38,-0.030459207,0,1787
38,censored,level.0,2,not present,not present,0.65,Female,33,-0.430782916,0,2150
39,death.other.causes,level.1,3,present,present,8.54,Female,86,2.144761008,2,826
40,censored,level.0,3,not present,not present,1.45,Female,54,0.371563556,0,2492
41,censored,level.2,3,present,present,7.06,Male,29,1.954445052,0,4492
42,death.malignant.melanoma,level.0,2,not present,present,1.76,Female,58,0.565313809,1,2108
43,censored,level.1,2,not present,not present,1.34,Male,41,0.292669614,0,35
44,censored,level.1,2,present,present,3.54,Male,55,1.264126727,0,1779
45,death.malignant.melanoma,level.0,1,present,present,4.51,Male,56,1.506297154,1,1506
46,censored,level.2,2,present,not present,9.66,Female,72,2.267993648,0,2209
47,censored,level.1,2,present,not present,0.97,Female,63,-0.030459207,0,2339
48,censored,level.0,1,present,present,1.62,Male,53,0.482426149,0,1839
49,censored,level.1,2,not present,present,4.82,Male,72,1.572773928,0,2493
50,death.malignant.melanoma,level.1,3,not present,present,3.87,Male,19,1.353254507,1,1062
51,censored,level.0,2,not present,not present,1.13,Male,35,0.122217633,0,2102
52,censored,level.1,1,present,not present,1.37,Female,68,0.31481074,0,1634
53,death.malignant.melanoma,level.1,2,not present,present,4.19,Male,37,1.432700734,1,752
54,censored,level.0,2,present,not present,0.64,Female,47,-0.446287103,0,2460
55,censored,level.1,2,present,not present,2.1,Female,69,0.741937345,0,4001
56,death.malignant.melanoma,level.2,2,not present,present,6.44,Female,60,1.86252854,1,982
57,death.other.causes,level.0,0,not present,present,0.16,Female,64,-1.832581464,2,355
58,censored,level.0,0,not present,present,1.13,Female,19,0.122217633,0,4479
59,censored,level.0,2,present,not present,0.64,Female,36,-0.446287103,0,3199
60,death.malignant.melanoma,level.2,2,present,present,5.16,Male,77,1.640936579,1,210
61,death.malignant.melanoma,level.1,1,not present,present,2.58,Female,56,0.947789399,1,833
62,censored,level.2,2,present,present,4.83,Female,65,1.574846468,0,2264
63,censored,level.0,1,present,not present,0.65,Male,22,-0.430782916,0,4207
64,censored,level.0,0,not present,present,0.81,Female,48,-0.210721031,0,2559
65,death.malignant.melanoma,level.2,2,present,present,12.08,Male,52,2.491551193,1,185
66,death.malignant.melanoma,level.0,2,not present,present,1.62,Male,58,0.482426149,1,977
67,censored,level.1,1,present,present,3.22,Male,68,1.16938136,0,2059
68,censored,level.0,0,not present,not present,0.65,Male,46,-0.430782916,0,3830
69,death.malignant.melanoma,level.0,1,not present,not present,0.81,Male,44,-0.210721031,1,2103
70,death.malignant.melanoma,level.1,2,present,not present,1.94,Male,78,0.662687973,1,2782
71,death.malignant.melanoma,level.1,1,not present,present,4.19,Female,53,1.432700734,1,295
72,censored,level.0,1,not present,not present,0.24,Male,57,-1.427116356,0,1641
73,censored,level.1,0,present,present,1.94,Female,54,0.662687973,0,2112
74,censored,level.0,1,present,not present,0.16,Male,70,-1.832581464,0,2984
75,death.malignant.melanoma,level.1,1,present,present,3.22,Female,60,1.16938136,1,3338
76,death.other.causes,level.1,2,present,present,6.76,Male,76,1.91102289,2,10
77,censored,level.0,2,present,not present,1.03,Female,56,0.029558802,0,3695
78,censored,level.0,0,present,not present,0.65,Female,34,-0.430782916,0,3695
79,censored,level.0,2,not present,not present,0.48,Female,32,-0.733969175,0,1685
80,censored,level.0,1,not present,not present,2.26,Female,50,0.815364813,0,4926
81,censored,level.0,2,not present,not present,1.29,Female,55,0.254642218,0,1648
82,death.malignant.melanoma,level.1,2,present,not present,3.22,Male,27,1.16938136,1,1435
83,censored,level.0,1,not present,not present,1.94,Female,37,0.662687973,0,3229
84,death.malignant.melanoma,level.1,1,not present,not present,3.56,Female,16,1.269760545,1,858
85,death.malignant.melanoma,level.1,2,not present,present,3.87,Female,58,1.353254507,1,1252
86,censored,level.0,1,present,not present,0.32,Female,39,-1.139434283,0,2056
87,censored,level.0,2,present,not present,0.1,Female,51,-2.302585093,0,2227
88,death.malignant.melanoma,level.1,2,not present,present,4.04,Male,43,1.396244692,1,779
89,censored,level.0,0,not present,not present,0.65,Male,64,-0.430782916,0,3079
90,censored,level.2,0,not present,present,12.24,Female,35,2.504709277,0,3872
91,censored,level.1,2,present,not present,1.29,Female,48,0.254642218,0,1804
92,death.malignant.melanoma,level.0,2,present,present,2.24,Male,46,0.806475866,1,1228
93,censored,level.1,2,present,present,3.22,Female,68,1.16938136,0,3384
94,censored,level.2,2,present,present,8.38,Male,63,2.125847914,0,1508
95,censored,level.2,1,not present,present,2.58,Male,40,0.947789399,0,1927
96,censored,level.0,2,not present,not present,1.62,Female,32,0.482426149,0,3152
97,death.other.causes,level.0,2,present,not present,1.29,Male,64,0.254642218,2,1427
98,death.malignant.melanoma,level.1,1,not present,present,3.54,Male,34,1.264126727,1,2565
99,death.other.causes,level.0,2,not present,not present,2.9,Female,71,1.064710737,2,99
100,censored,level.1,1,not present,not present,1.62,Female,36,0.482426149,0,2024
101,death.malignant.melanoma,level.1,1,not present,not present,1.62,Female,61,0.482426149,1,1548
102,censored,level.1,2,present,present,1.94,Female,74,0.662687973,0,2426
103,censored,level.2,3,not present,present,7.09,Male,12,1.958685341,0,3776
104,death.other.causes,level.0,2,present,not present,6.12,Male,49,1.811562097,2,3182
105,censored,level.1,2,not present,present,8.06,Male,42,2.086913557,0,3909
106,censored,level.0,2,present,not present,0.16,Female,77,-1.832581464,0,1512
107,censored,level.1,1,not present,not present,1.94,Female,56,0.662687973,0,1793
108,death.malignant.melanoma,level.2,2,present,not present,14.66,Male,68,2.685122696,1,1041
109,death.malignant.melanoma,level.2,2,not present,present,12.88,Male,49,2.555675721,1,232
110,death.malignant.melanoma,level.1,1,present,not present,2.26,Male,71,0.815364813,1,2061
111,censored,level.2,2,not present,not present,3.06,Female,69,1.118414916,0,1914
112,censored,level.1,1,present,not present,1.53,Female,70,0.425267735,0,1836
113,censored,level.2,2,not present,not present,3.54,Female,46,1.264126727,0,3523
114,censored,level.1,2,not present,present,1.29,Female,21,0.254642218,0,3776
115,censored,level.0,1,not present,not present,1.29,Female,49,0.254642218,0,1864
116,death.other.causes,level.1,3,not present,present,3.22,Female,60,1.16938136,2,232
117,death.malignant.melanoma,level.2,2,present,present,4.84,Male,63,1.576914721,1,426
118,death.malignant.melanoma,level.1,2,not present,present,5.16,Female,46,1.640936579,1,1621
119,censored,level.0,3,present,not present,0.65,Female,20,-0.430782916,0,3441
120,censored,level.2,2,not present,present,2.9,Female,67,1.064710737,0,2403
121,death.malignant.melanoma,level.2,3,not present,present,7.06,Male,72,1.954445052,1,621
122,censored,level.1,2,not present,not present,2.26,Female,55,0.815364813,0,1710
123,censored,level.0,0,not present,not present,1.62,Female,60,0.482426149,0,3476
124,censored,level.0,2,present,not present,0.16,Female,49,-1.832581464,0,2431
125,censored,level.0,3,present,not present,0.32,Female,43,-1.139434283,0,3383
126,censored,level.0,1,not present,present,1.94,Female,26,0.662687973,0,4390
127,censored,level.0,2,not present,not present,0.81,Female,57,-0.210721031,0,1641
128,censored,level.0,1,present,not present,1.29,Female,26,0.254642218,0,1557
129,censored,level.0,2,present,present,0.32,Female,58,-1.139434283,0,2038
130,death.malignant.melanoma,level.0,2,present,present,2.58,Male,80,0.947789399,1,1516
131,censored,level.2,2,present,not present,6.12,Female,40,1.811562097,0,4668
132,censored,level.0,2,present,present,0.81,Male,61,-0.210721031,0,3330
133,censored,level.1,2,not present,not present,1.13,Female,36,0.122217633,0,1605
134,censored,level.1,2,present,not present,1.94,Female,69,0.662687973,0,1510
135,death.other.causes,level.1,1,present,present,4.84,Male,71,1.576914721,2,1860
136,death.malignant.melanoma,level.0,1,present,present,2.34,Male,25,0.850150929,1,718
137,death.malignant.melanoma,level.0,1,not present,not present,0.81,Male,31,-0.210721031,1,1584
138,censored,level.0,1,not present,not present,1.29,Female,25,0.254642218,0,3180
139,censored,level.1,3,present,not present,2.1,Male,55,0.741937345,0,4310
140,censored,level.1,1,not present,present,5.16,Female,50,1.640936579,0,2387
141,death.malignant.melanoma,level.1,2,not present,present,3.54,Male,66,1.264126727,1,1075
142,censored,level.0,2,present,not present,0.16,Male,62,-1.832581464,0,3144
143,censored,level.2,2,present,not present,3.87,Female,52,1.353254507,0,4103
144,death.other.causes,level.0,0,not present,not present,0.65,Male,56,-0.430782916,2,30
145,censored,level.0,3,present,not present,0.16,Female,65,-1.832581464,0,1542
146,censored,level.0,1,present,not present,0.16,Male,62,-1.832581464,0,2787
147,death.malignant.melanoma,level.0,1,not present,not present,0.81,Male,40,-0.210721031,1,2388
148,censored,level.0,2,not present,not present,1.29,Female,35,0.254642218,0,3032
149,censored,level.1,1,present,not present,0.97,Male,56,-0.030459207,0,2007
150,censored,level.2,1,not present,not present,12.88,Female,69,2.555675721,0,1958
151,censored,level.0,2,not present,not present,0.97,Female,72,-0.030459207,0,2104
152,censored,level.0,0,not present,not present,0.32,Male,54,-1.139434283,0,1856
153,death.malignant.melanoma,level.0,3,not present,present,0.97,Female,58,-0.030459207,1,1726
154,censored,level.1,2,not present,not present,5.64,Male,62,1.729884066,0,2165
155,censored,level.1,2,not present,not present,2.9,Female,41,1.064710737,0,5565
156,death.malignant.melanoma,level.1,2,not present,present,13.85,Female,89,2.628285233,1,667
157,censored,level.0,2,not present,not present,1.78,Female,49,0.576613364,0,3856
158,death.malignant.melanoma,level.1,2,present,not present,1.62,Male,83,0.482426149,1,1690
159,censored,level.0,1,not present,present,3.87,Male,52,1.353254507,0,2028
160,death.malignant.melanoma,level.1,3,not present,present,2.42,Female,14,0.88376754,1,469
161,censored,level.1,2,present,not present,3.54,Male,83,1.264126727,0,1919
162,censored,level.0,0,present,present,1.29,Male,56,0.254642218,0,3459
163,censored,level.0,3,not present,not present,0.64,Female,66,-0.446287103,0,2005
